,Experiment,Experiment,Control,Control
1552496_a_at,137.77899,135.23634,87.58095,96.0877
1552641_s_at,63.07539,69.10806,105.67272,101.644104
1552651_a_at,68.20677,61.96557,51.257538,52.870148
1552729_at,84.06818,87.28881,71.738266,72.91644
1553112_s_at,91.99337,102.06438,118.24961,132.83365
1553162_x_at,137.58109,136.31696,111.60472,102.17981
1553205_at,56.885796,53.398052,39.47717,38.396965
1553220_at,60.238697,61.906776,78.515144,71.37185
1553262_a_at,113.61681,101.53595,96.34061,104.05217
1553535_a_at,218.88145,230.46127,206.14508,187.72964
1553538_s_at,11115.665,12763.22,12299.559,12549.814
1553551_s_at,7240.931,7701.0684,7126.4097,7380.4155
1553567_s_at,8252.859,7916.654,8483.454,8744.378
1553569_at,13062.664,13320.65,13031.392,13826.742
1553570_x_at,12851.462,13317.587,12988.021,13546.842
1553588_at,12043.582,12803.223,11810.023,12258.706
1553704_x_at,367.78586,341.71817,285.6978,247.83524
1553718_at,138.48422,128.46553,115.857285,115.39315
1553858_at,282.14783,292.55423,183.87294,152.26772
1553972_a_at,1656.5914,1820.4845,918.3372,1027.78
1553983_at,141.51692,134.89925,69.05915,79.7406
1554007_at,4320.38,4176.9287,3194.5637,2669.74
1554016_a_at,135.7586,149.80219,129.52643,129.01035
1554050_at,144.45728,144.28506,89.04619,94.82982
1554082_a_at,270.3663,297.54947,312.22635,279.98444
1554105_at,97.90113,111.149055,80.19187,76.288345
1554160_a_at,51.10115,50.22293,37.45182,39.021225
1554177_a_at,93.780876,86.22302,52.40795,47.647984
1554397_s_at,72.0331,71.06747,84.41393,76.50833
1554464_a_at,600.4484,675.73395,437.84625,427.91074
1554539_a_at,129.09174,126.7636,90.045265,83.443054
1554593_s_at,477.66476,432.22568,277.4478,280.91843
1554679_a_at,4018.0493,4152.0513,3099.4417,2979.4663
1554762_a_at,247.82835,268.5328,196.8218,185.80283
1554952_s_at,106.86683,99.26397,63.656445,61.17174
1555202_a_at,144.34702,152.27426,130.96043,127.4533
1555278_a_at,764.0722,729.4368,575.485,488.52582
1555279_at,170.37524,171.48225,142.55516,139.33429
1555310_a_at,147.6747,134.047,112.13831,106.162796
1555359_at,67.87363,75.6512,52.849373,53.47272
1555437_at,65.36209,61.418175,43.044537,43.784657
1555452_at,128.0284,136.14545,102.76581,106.09019
1555630_a_at,2489.4915,2856.6096,2431.3042,2442.9067
1555716_a_at,153.54547,145.39137,212.41797,186.85007
1555724_s_at,1119.9525,1126.1991,2122.064,2325.5654
1555736_a_at,416.1768,446.29745,298.1821,324.49585
1555764_s_at,2084.8628,2085.8997,2096.21,1762.3749
1555860_x_at,171.15068,157.52989,146.90585,135.63254
1555889_a_at,1779.6509,1684.9685,1146.1571,1171.092
1555961_a_at,6556.1177,6351.1577,6323.7305,5875.778
1556056_at,88.50138,82.84157,75.78333,67.96086
1556129_at,129.67387,119.81217,96.34188,103.7401
1556165_at,379.45258,374.2299,196.51726,238.81526
1556306_at,102.06778,105.37856,46.850487,50.912468
1557055_s_at,162.93709,161.46138,118.87075,107.85008
1557303_at,83.604355,91.1189,39.943718,43.96812
1557453_at,35.007275,33.849316,51.62634,51.398006
1557651_x_at,91.75566,100.53836,79.11428,74.52732
1557700_at,65.99295,65.88396,35.38814,31.14517
1557765_at,127.11536,119.95569,27.178003,19.759909
1558164_s_at,110.673676,108.322464,70.47851,84.19161
1558686_at,87.849174,82.58017,92.431946,89.388985
1558942_at,915.3989,954.6433,811.8501,728.33105
1560446_at,44.590557,48.10636,73.548645,68.33101
1561093_at,125.71254,135.86023,102.36369,115.20855
1561871_at,108.35949,95.49043,114.352165,104.58276
1562460_at,124.647606,112.97759,102.36305,104.97923
1566671_a_at,52.092815,50.05499,46.174355,47.277668
1569105_at,100.112,95.11361,73.97184,80.15597
1569396_at,79.998886,74.17409,54.73883,50.787613
1570410_at,96.45238,100.49235,79.90135,83.67913
1570552_at,96.665665,94.157585,65.98808,57.314827
1773_at,73.07044,86.363976,98.410866,97.98643
200000_s_at,1567.3337,1493.6528,1313.1119,1102.5653
200002_at,8104.8057,8368.04,7656.957,7110.8716
200003_s_at,10797.93,11468.551,10120.752,10129.434
200004_at,8342.495,8190.2617,8299.06,8479.271
200005_at,3409.8481,3672.004,3246.7993,2813.239
200010_at,9105.461,10057.939,8924.869,8483.078
200012_x_at,8135.692,8449.807,8215.161,7771.3535
200013_at,11281.557,12404.234,11490.808,11678.637
200016_x_at,9327.643,11041.765,10970.48,10729.822
200017_at,12148.183,12589.557,11051.659,11084.993
200018_at,11308.413,11579.503,11047.963,11027.512
200019_s_at,8263.603,8661.467,7881.554,7572.0337
200022_at,8659.646,9443.155,8391.227,8138.091
200023_s_at,6565.772,6963.272,5756.767,4838.231
200024_at,7603.759,8026.744,7308.0454,7313.787
200025_s_at,11249.743,11582.611,10669.159,10694.119
200026_at,8344.674,8948.735,8405.306,8076.781
200029_at,8761.574,9707.355,8455.125,7999.7188
200030_s_at,7125.251,7067.4263,6538.2695,6730.9736
200031_s_at,11859.443,12451.184,10869.925,10651.838
200032_s_at,11228.153,11482.638,10551.141,10758.081
200034_s_at,9960.111,10103.119,8933.304,9133.698
200035_at,405.2722,413.78363,309.954,263.88544
200036_s_at,7892.033,8374.957,7304.747,6325.804
200038_s_at,12752.299,12031.733,11513.579,10951.272
200039_s_at,4607.6187,4776.9663,4188.749,3489.4282
200041_s_at,1585.7483,1599.5652,1175.0383,1271.4808
200047_s_at,4139.4204,4632.741,4276.206,3882.6086
200059_s_at,5379.1084,5958.0938,5828.2197,5171.9463
200061_s_at,8942.154,9332.466,8505.397,8858.82
200062_s_at,10517.583,10837.624,10459.005,9870.631
200063_s_at,10042.945,10768.618,10875.812,10097.203
200077_s_at,7859.687,8594.765,7140.5986,6376.6973
200080_s_at,10002.967,10816.825,10394.004,10699.861
200081_s_at,9852.893,10586.394,9980.952,9163.834
200082_s_at,8814.362,9506.213,8019.9395,7540.3755
200088_x_at,10874.8125,11497.569,10047.4,9808.016
200089_s_at,10769.352,11807.814,10730.886,9615.308
200092_s_at,11592.607,11818.403,11221.119,10440.596
200094_s_at,8260.107,7638.5605,5974.947,6128.081
200095_x_at,11984.662,11939.116,11900.853,12261.7295
200099_s_at,13434.69,13407.463,12657.967,11969.041
200599_s_at,6423.51,6912.119,6350.763,5380.047
200602_at,3707.3352,3510.8372,3211.583,2708.3853
200614_at,5680.6973,5857.539,5569.403,5248.9146
200627_at,9400.859,9661.097,8910.674,8292.199
200630_x_at,9370.645,9907.998,8934.668,8558.656
200633_at,9238.005,10152.278,9310.363,8521.893
200643_at,441.14075,432.57468,380.2372,390.5477
200651_at,9506.168,9851.604,8593.191,8807.163
200657_at,6853.337,7037.855,6428.4883,6166.27
200668_s_at,5250.608,5578.3267,5346.731,5115.132
200672_x_at,453.63614,446.3606,441.80115,481.87772
200674_s_at,7715.8457,8371.564,7491.1016,7308.5435
200675_at,3179.923,3238.6902,3064.867,3601.339
200689_x_at,8021.069,8348.116,7328.858,7116.0396
200701_at,3572.3958,3473.0276,2656.419,2483.6824
200703_at,6705.478,7243.435,7061.22,7681.667
200716_x_at,11001.352,11532.974,9857.173,9798.0625
200717_x_at,11788.933,12769.634,12350.079,11925.62
200718_s_at,8257.334,9436.51,9108.465,8652.191
200725_x_at,6511.859,6875.649,5831.839,6085.3926
200735_x_at,10781.653,11253.41,10380.141,9160.418
200741_s_at,10502.319,11018.964,10036.216,10552.919
200744_s_at,1285.5201,1354.2634,1298.1259,1117.4716
200763_s_at,11176.48,12295.503,10945.714,11176.62
200773_x_at,8168.7964,8404.384,8071.166,8250.765
200775_s_at,5756.607,6604.3,6336.774,6620.2144
200780_x_at,6925.5703,6681.699,6028.3066,5505.459
200781_s_at,8520.085,9344.016,8674.623,8444.714
200801_x_at,11726.94,11661.565,11716.31,13128.767
200807_s_at,10427.022,11706.191,11104.062,11332.847
200809_x_at,10019.604,10738.479,9057.483,8993.628
200817_x_at,12174.382,12408.934,12251.562,12451.2
200824_at,7882.3096,7114.135,4863.0874,4340.9717
200834_s_at,10176.454,10476.241,9385.652,9845.972
200844_s_at,5559.247,6431.017,5225.1973,4864.724
200858_s_at,10797.344,10728.63,9299.01,8858.662
200863_s_at,2874.0125,3031.6519,2831.7568,2467.6267
200867_at,575.2271,641.1657,534.9383,487.1962
200869_at,10176.804,10673.37,9447.67,8848.59
200871_s_at,2942.604,3012.49,2369.975,1988.929
200872_at,3206.725,3577.5806,4369.193,3969.2847
200876_s_at,5915.1772,6579.7275,6115.213,5772.051
200885_at,385.50754,397.15997,530.9766,497.60446
200886_s_at,6251.482,7168.1895,6762.174,6294.7363
200909_s_at,10997.156,11982.388,10161.175,9271.272
200926_at,13269.396,13528.281,13016.463,12715.606
200929_at,1226.0522,1126.1462,1335.961,1310.8977
200931_s_at,4931.1445,5775.7837,6502.9116,6063.0874
200933_x_at,11044.619,10981.501,11255.687,11138.194
200936_at,10286.969,9990.866,8634.6045,8144.84
200937_s_at,10770.05,10879.126,9648.895,8210.009
200949_x_at,9160.345,8880.837,8466.904,8662.292
200954_at,512.3653,481.92007,464.52716,512.1476
200963_x_at,11596.562,11745.226,11038.867,10656.366
200966_x_at,4697.0566,4943.1616,4251.5884,3793.6702
200971_s_at,2882.6067,3195.8923,2589.889,2388.4011
200980_s_at,1414.4901,1616.3422,1295.543,1243.8894
200981_x_at,6794.9062,6578.758,5451.5825,5157.1367
200989_at,5780.604,6144.6064,6552.3486,5725.0376
201000_at,2778.9402,2659.5254,1199.5671,1047.2911
201004_at,2300.3,2453.1438,1937.6401,1753.2349
201005_at,3774.013,3487.7195,2592.191,2532.2678
201020_at,2282.3967,2385.4412,2463.5327,2419.21
201030_x_at,8345.513,9011.85,7973.269,6947.0376
201033_x_at,9328.864,9347.667,8844.263,9206.822
201049_s_at,9651.28,10100.234,9718.026,10186.98
201058_s_at,174.43446,226.89267,491.071,470.82913
201090_x_at,7630.8286,8502.891,8519.865,9300.258
201094_at,11065.607,12141.743,10659.4375,10316.012
201106_at,3833.2925,4087.669,2200.9482,2004.9901
201114_x_at,4208.513,4285.1675,4304.2056,3661.1238
201122_x_at,1957.7533,1896.2572,2006.19,1855.06
201165_s_at,1408.6489,1399.9952,1512.69,1285.1361
201174_s_at,282.69183,303.99942,215.2421,195.89574
201193_at,4458.802,5081.7627,4486.9526,4126.023
201195_s_at,3817.0464,3153.0366,4329.949,4230.2153
201217_x_at,11779.92,11845.184,10210.077,10172.143
201220_x_at,4467.387,4281.079,4218.685,3532.8816
201245_s_at,1013.6983,1023.72656,846.22437,777.9444
201252_at,1106.5088,1093.118,979.83545,1019.3676
201254_x_at,12660.887,12555.689,11800.473,11546.552
201256_at,2369.9312,2119.2153,1781.5707,1579.9819
201257_x_at,12361.727,12299.852,11932.362,11833.374
201258_at,9470.148,9730.625,7987.6763,7645.446
201268_at,4686.8867,4973.838,4010.757,3659.856
201271_s_at,591.64685,556.86743,435.69327,381.91492
201273_s_at,7673.5566,8229.81,7584.076,7185.577
201274_at,2337.5579,2628.2053,2519.5596,2403.5757
201277_s_at,5726.983,6771.2407,6735.736,6354.694
201288_at,36.860306,38.68544,66.22933,68.296265
201293_x_at,9167.015,10554.936,9956.55,10326.226
201301_s_at,853.0071,778.5736,583.0494,550.7684
201354_s_at,211.71649,229.89009,150.5414,127.336586
201383_s_at,117.539764,127.78839,102.193085,110.517044
201390_s_at,2331.5654,2195.5078,1871.7952,1998.8022
201394_s_at,473.9164,465.93506,294.46823,240.37746
201406_at,10379.619,10556.136,9559.391,8446.913
201417_at,6067.153,5296.2944,4145.721,4457.228
201429_s_at,11873.971,12286.225,12195.598,12182.102
201439_at,109.520294,114.13614,102.648285,91.08869
201453_x_at,5151.971,5139.542,4738.296,3956.051
201460_at,295.48627,297.577,200.98476,182.89569
201480_s_at,387.99918,366.262,326.39136,305.41605
201492_s_at,9784.678,10164.654,10164.822,10571.044
201502_s_at,506.13867,492.0559,475.26822,436.1973
201511_at,654.1607,739.9707,627.6003,593.3972
201522_x_at,7442.897,7008.7593,6189.973,6776.1304
201526_at,844.24756,876.5068,623.32104,580.4053
201544_x_at,3909.0903,4276.028,3715.3477,3243.0242
201545_s_at,1079.5768,1158.445,965.92395,871.7881
201550_x_at,9590.342,10573.623,10465.631,10829.997
201564_s_at,690.4014,768.1738,684.35406,748.92993
201574_at,3048.583,2883.2166,2854.2861,2401.0747
201576_s_at,917.35254,858.26666,618.4906,558.53674
201578_at,7414.0283,7932.332,7606.2876,7770.8555
201583_s_at,633.2499,610.0597,575.0127,482.0628
201590_x_at,5412.98,5461.9673,7134.069,6186.5166
201592_at,4726.0806,4689.127,3585.3672,3402.8137
201600_at,5660.276,5628.9,4520.9683,4008.4749
201620_at,248.15794,225.90463,284.7515,261.1637
201629_s_at,1162.8142,1192.3351,1192.3832,1023.8592
201639_s_at,398.47375,383.50262,335.9339,283.35507
201665_x_at,8468.919,8681.862,8197.677,7849.832
201667_at,9400.729,9698.068,9926.8125,10065.642
201671_x_at,1304.0879,1495.9551,1096.4963,1041.3068
201678_s_at,340.00348,302.27893,362.3643,333.94522
201703_s_at,345.606,316.34586,277.83783,256.6715
201706_s_at,281.91068,307.56442,189.85695,218.68237
201731_s_at,1116.9501,1132.6451,1069.4679,1052.7203
201761_at,5871.2896,5252.1978,2936.8752,2600.7866
201762_s_at,2007.2843,1994.5457,1701.6296,1766.6814
201794_s_at,351.022,348.2732,321.44717,276.71738
201800_s_at,533.82416,533.5638,447.97455,368.19843
201812_s_at,8246.937,8165.9185,6917.28,7363.321
201819_at,102.57164,112.799355,71.77977,75.25089
201825_s_at,436.5241,397.3493,340.76648,314.41785
201870_at,406.73004,368.27097,289.2525,257.32916
201874_at,456.90958,507.49316,334.61942,325.13055
201881_s_at,542.6232,481.11795,455.08112,404.3586
201897_s_at,4363.986,4555.0938,3954.5425,3307.6182
201905_s_at,96.88374,86.29498,90.19456,94.75528
201910_at,443.9773,432.01486,503.15305,435.95917
201919_at,1083.5641,1016.3641,715.5166,647.2386
201929_s_at,512.5259,518.697,460.23615,400.43887
201931_at,2343.6772,2200.7896,1747.9291,1598.933
201932_at,494.68784,468.79184,329.64664,289.18692
201933_at,409.68774,435.6852,550.8332,484.21988
201937_s_at,373.17334,352.0107,207.09666,211.63449
201965_s_at,220.02246,225.30922,169.77933,162.21367
201987_at,1378.2722,1409.462,1105.2946,1026.1298
201992_s_at,194.66386,205.54901,205.98161,188.44398
201995_at,437.2666,437.277,459.1996,386.401
202024_at,324.12692,357.56396,261.27557,265.44934
202029_x_at,8096.9395,8592.612,7963.1714,6828.0186
202044_at,74.912285,79.28964,52.989124,53.114254
202048_s_at,181.9545,184.94145,219.50632,189.0232
202055_at,278.1015,256.63113,319.42557,314.68524
202065_s_at,202.33493,204.54619,198.96306,168.21573
202077_at,7872.8374,8038.893,6694.3657,5903.5366
202109_at,229.61794,249.35075,220.22836,229.28659
202116_at,653.3487,608.62897,455.8796,402.064
202120_x_at,793.31085,727.88965,620.7031,549.0275
202154_x_at,5526.56,5231.017,5280.6436,5247.26
202155_s_at,185.6855,183.53122,175.3821,165.54657
202187_s_at,554.52234,537.4232,345.58954,293.32764
202212_at,519.96515,469.89078,460.37033,428.78683
202216_x_at,234.85765,207.23907,212.8518,206.93039
202219_at,372.05362,415.14886,202.58788,220.50397
202233_s_at,7913.1743,8319.866,6987.0684,6552.2837
202243_s_at,4613.693,4354.085,4008.0642,3724.7046
202252_at,3196.0063,3247.3103,2739.9128,2444.8857
202261_at,588.3104,669.4419,459.7758,448.56836
202281_at,162.67305,145.29967,101.85974,92.983406
202302_s_at,2704.4138,2551.0854,2111.96,1806.5007
202308_at,158.80997,164.44466,75.79018,88.61568
202313_at,2277.208,2528.222,1873.1221,1860.3011
202332_at,1033.8486,1106.6215,697.6062,716.9858
202349_at,380.64438,389.38974,301.46237,276.7856
202363_at,249.9214,238.86539,170.41669,140.0354
202364_at,451.77777,451.75836,222.81111,204.2871
202397_at,4710.953,4694.6665,4390.6006,4827.063
202398_at,68.37251,72.29226,63.73059,58.824394
202425_x_at,1216.3281,1273.1831,853.5063,713.10046
202433_at,1116.1265,953.2132,897.38824,876.22003
202455_at,191.3512,211.5754,125.23015,141.76302
202475_at,2187.2654,2205.7998,1568.0498,1430.5045
202495_at,796.6494,799.9571,693.20056,613.78925
202513_s_at,317.95132,351.33865,285.40506,315.99744
202523_s_at,83.53745,80.01261,57.87366,58.22537
202546_at,733.4291,750.7823,388.3638,467.6924
202566_s_at,108.84094,104.30429,119.97195,114.205124
202568_s_at,428.8078,393.62915,306.59695,275.19928
202582_s_at,1486.7819,1695.3959,1524.998,1431.3654
202583_s_at,348.32523,329.52945,348.4277,319.12817
202621_at,222.22664,192.33972,211.6396,223.4887
202624_s_at,94.495415,99.992355,85.61978,93.31535
202626_s_at,510.38846,442.8292,359.1853,386.43088
202649_x_at,12021.358,11462.7295,10499.771,10346.915
202658_at,165.32516,172.51366,155.27438,136.27443
202671_s_at,503.65155,536.6773,315.82996,283.47217
202685_s_at,74.78401,86.05141,83.777565,84.6782
202689_at,404.8692,459.95938,332.17664,310.7227
202692_s_at,148.20659,173.94618,164.67865,156.92288
202697_at,1423.8018,1444.8806,1274.1758,1127.0436
202706_s_at,704.7883,815.0576,916.1151,910.2549
202723_s_at,426.8553,428.0904,424.653,401.3712
202732_at,491.26224,453.7771,481.69586,416.3039
202787_s_at,160.77878,172.59105,167.39294,147.16046
202793_at,151.12668,172.92125,119.68291,113.41942
202799_at,614.1578,656.59674,526.04956,473.11758
202805_s_at,118.5366,125.556694,104.75688,121.35381
202812_at,190.12936,187.88165,104.43907,103.541824
202825_at,1308.7081,1396.6556,1077.5725,1018.37085
202848_s_at,150.03557,144.86679,129.51903,143.90962
202862_at,253.65376,239.47992,157.98291,177.63213
202954_at,2554.8252,2967.6902,2580.6504,2393.5298
202962_at,125.378456,110.997475,78.72526,74.45853
202985_s_at,834.6164,864.70166,956.31775,823.7451
202990_at,679.0843,613.3946,415.97958,462.9561
203010_at,110.25931,106.40132,67.66393,59.290558
203012_x_at,8695.658,9214.372,8840.322,9127.65
203025_at,493.63828,495.64395,422.47748,409.23032
203034_s_at,11155.761,12208.673,11306.343,12012.47
203068_at,221.1703,234.5917,211.57379,185.07579
203081_at,115.96464,124.28042,96.73256,91.58581
203097_s_at,1713.7114,1492.3293,1456.7141,1491.6824
203107_x_at,10097.49,10515.372,9694.863,10363.789
203119_at,390.72278,463.34735,472.4163,482.50946
203150_at,600.02625,625.0961,544.3315,456.2507
203151_at,53.53957,55.6443,65.911514,61.1134
203166_at,1161.9622,1304.2888,841.8991,925.07587
203168_at,109.33132,110.48979,82.49331,79.884636
203181_x_at,746.8081,749.7666,545.51483,601.6213
203187_at,128.58661,117.80233,94.087555,91.50391
203190_at,1463.689,1550.2075,1015.2017,999.0022
203229_s_at,445.61884,486.63934,417.26956,386.2404
203238_s_at,219.57155,194.25772,191.45995,176.49428
203244_at,419.53003,393.6117,325.4772,310.5779
203249_at,151.59859,138.87874,82.93126,75.66378
203267_s_at,211.17242,218.92131,163.10596,180.93643
203268_s_at,188.27814,183.53748,161.99127,161.18422
203277_at,657.9267,627.7575,383.37592,386.06604
203311_s_at,381.67365,345.02527,335.3628,335.08603
203364_s_at,281.65195,266.09113,250.07045,245.86586
203383_s_at,125.61489,134.42683,103.88345,88.96852
203390_s_at,227.27689,253.88602,190.97462,215.56055
203408_s_at,600.4901,548.3323,372.84442,317.55707
203423_at,456.09573,443.88925,249.33337,194.79175
203450_at,330.5367,304.73764,287.97482,245.22488
203522_at,241.72238,278.42194,215.79729,205.89919
203530_s_at,372.3171,359.8857,248.50653,209.49037
203532_x_at,99.55422,100.393486,100.76658,90.27654
203565_s_at,534.7997,531.5979,464.9923,393.68692
203585_at,264.49194,250.57523,67.74487,61.236576
203600_s_at,336.3114,324.28656,325.69327,313.86194
203602_s_at,159.08305,156.97662,96.93681,92.52282
203667_at,8100.3228,7912.4995,8073.1245,6774.4507
203678_at,483.38293,435.2229,386.08746,354.78668
203720_s_at,325.89572,354.03464,257.65646,217.95207
203771_s_at,248.59969,260.49866,162.93542,142.97578
203805_s_at,130.61414,127.2651,109.562874,119.00913
203826_s_at,72.68072,79.27995,52.225765,51.21515
203829_at,343.7168,339.29443,202.2777,167.79843
203833_s_at,120.743645,112.142685,127.869255,122.78768
203834_s_at,87.53815,78.12437,87.2422,88.91717
203847_s_at,266.44684,290.8183,276.82495,279.88397
203859_s_at,71.37197,79.16029,66.494865,71.46455
203880_at,1547.6948,1558.7795,1207.776,1040.2356
203916_at,112.56874,123.58582,115.57877,105.816055
203933_at,246.52588,267.40283,170.3321,198.0503
203951_at,301.56302,301.80792,379.5361,398.76282
203955_at,299.94275,330.97266,225.53474,244.19325
203976_s_at,451.5419,518.49817,492.26575,482.3886
204000_at,293.57825,289.439,152.34082,137.9713
204003_s_at,246.54576,270.9089,246.13922,257.3535
204042_at,402.80435,432.61588,337.77518,332.26932
204074_s_at,176.18654,167.91922,146.90523,124.12171
204102_s_at,9179.209,9903.061,8436.567,7585.3496
204139_x_at,78.00833,83.68879,73.07739,65.29729
204141_at,7849.801,7650.2383,7061.033,6544.9243
204154_at,839.40625,893.8118,415.62473,330.9836
204167_at,39.960197,45.01351,67.35044,69.08888
204248_at,190.65335,173.30077,194.51875,212.07843
204249_s_at,112.431946,102.6491,46.64471,45.844486
204262_s_at,154.41586,160.45299,105.81473,103.03565
204267_x_at,266.8468,260.08932,254.20752,249.94089
204402_at,228.083,252.36711,210.94598,183.88881
204416_x_at,742.1482,805.27167,454.1165,475.56772
204432_at,171.09966,189.36842,102.78847,101.67811
204465_s_at,332.9454,319.92807,197.62756,183.11417
204471_at,590.6039,641.5252,359.1022,367.23053
204538_x_at,789.27484,793.1939,530.1216,520.46277
204632_at,84.34644,81.11386,61.481197,60.041256
204671_s_at,145.12927,144.88072,85.00359,91.29202
204694_at,362.9622,283.5387,720.64215,738.5999
204730_at,269.21725,242.52809,85.96377,81.228874
204740_at,89.78992,88.73288,65.76278,62.14259
204752_x_at,932.7927,918.38885,789.0656,810.643
204788_s_at,351.29474,357.9679,233.97679,187.81268
204813_at,123.840195,132.6502,53.215942,61.20592
204819_at,290.74066,294.45752,190.11824,207.03972
204862_s_at,651.0736,631.72675,521.07794,452.37842
204872_at,747.3904,759.0175,558.6652,480.78574
204883_s_at,375.6662,405.92078,310.35895,272.8923
204892_x_at,10519.78,10567.886,11638.516,12633.106
204992_s_at,4010.651,4319.0293,3218.8687,3057.9216
205044_at,86.25942,79.6999,54.515488,53.700207
205060_at,487.80685,457.41034,348.2612,320.1117
205083_at,103.6043,100.82411,51.004955,51.31507
205250_s_at,208.80504,229.02505,185.22891,166.66699
205251_at,188.27048,187.17976,153.78368,126.21914
205268_s_at,888.2992,931.2623,654.6214,534.222
205281_s_at,348.65073,321.2426,312.88522,338.4298
205315_s_at,292.82837,287.42615,270.28412,228.3707
205370_x_at,1673.8105,1617.6761,1093.9053,950.7482
205423_at,207.59729,189.52034,153.04666,163.23965
205428_s_at,57.417065,54.70429,35.951694,34.205956
205437_at,154.84087,143.43561,91.57724,107.43766
205486_at,233.95537,240.02487,158.94147,135.98935
205510_s_at,81.396736,83.61497,60.617054,58.821613
205547_s_at,1354.5625,1397.4203,2697.3027,2830.4316
205598_at,86.833015,94.20848,68.43444,75.833145
205637_s_at,504.06088,533.3317,619.8441,587.5945
205652_s_at,87.144966,92.17879,55.70679,52.198067
205742_at,361.25504,383.04407,197.05176,167.2465
205748_s_at,277.55383,254.07338,180.82535,207.6705
205794_s_at,116.1415,127.95064,159.94643,148.07748
205891_at,133.2403,121.10555,93.75537,107.57929
205977_s_at,614.5919,588.1343,398.44507,420.7192
206066_s_at,135.77988,126.98955,68.74049,77.27318
206109_at,160.1187,162.89761,84.68509,87.31351
206116_s_at,4881.3584,5250.7847,5951.807,5222.386
206214_at,100.54684,101.42309,27.348736,26.483435
206286_s_at,9919.06,9823.173,9340.458,9436.753
206335_at,200.56491,171.2874,198.93518,188.82562
206351_s_at,68.13267,62.693954,54.053413,58.935925
206412_at,159.9881,189.05511,170.04648,171.23413
206431_x_at,179.62822,158.03883,132.25017,142.46599
206445_s_at,5378.5,4828.729,3952.031,3438.9448
206468_s_at,300.13077,326.10345,294.48535,279.16223
206469_x_at,130.10257,134.99808,102.69414,114.6131
206472_s_at,160.13739,162.5886,106.82205,110.02268
206493_at,98.6188,97.07462,49.956814,44.622654
206559_x_at,9339.075,9749.064,10126.3,10893.101
206592_s_at,1371.6853,1395.3535,1307.4336,1093.5402
206595_at,104.77451,102.36308,56.945637,58.60251
206646_at,194.78987,198.78743,107.196815,107.61265
206722_s_at,142.57321,147.27301,92.23364,90.7482
206756_at,281.51718,266.23206,325.41824,333.96378
206789_s_at,465.35208,526.2227,343.2781,347.2759
206918_s_at,619.83344,687.8395,447.53174,439.97702
207088_s_at,516.89764,506.92688,474.60202,465.29025
207121_s_at,3608.5737,3560.163,3057.4365,2507.5698
207124_s_at,194.82065,186.35382,117.43818,96.14425
207132_x_at,2433.779,2771.2393,2198.3267,2132.639
207170_s_at,489.6354,450.88602,350.58673,321.50134
207223_s_at,102.0888,98.64051,80.53273,85.54655
207243_s_at,7680.5396,8500.424,8518.666,8219.545
207292_s_at,108.06738,109.45255,112.52135,112.2674
207350_s_at,106.852135,109.493835,62.718784,58.766834
207524_at,62.347416,58.868076,60.25801,57.34181
207555_s_at,60.161377,61.544933,64.58624,73.03101
207573_x_at,6690.782,6161.861,5623.347,5738.9204
207616_s_at,187.39543,164.79468,159.81253,159.35207
207618_s_at,288.30853,302.18283,263.56607,222.98012
207625_s_at,156.3212,142.43478,100.83547,87.25146
207783_x_at,10392.884,10645.08,10642.821,10106.318
207808_s_at,142.83139,131.98734,63.122818,69.39408
207937_x_at,306.24167,336.26984,224.67155,191.14891
208009_s_at,145.12074,139.20999,96.30028,95.51846
208024_s_at,427.9563,412.60806,418.1999,356.3172
208117_s_at,778.6724,715.6254,572.5227,487.64438
208190_s_at,412.9041,468.38547,432.6496,435.69962
208238_x_at,425.02203,392.5814,285.22247,264.68942
208270_s_at,739.0981,691.4304,656.94366,604.1663
208351_s_at,156.7667,140.42673,112.5725,99.85655
208415_x_at,596.927,640.32495,618.3185,648.9377
208420_x_at,207.86148,213.34258,179.0984,157.36858
208598_s_at,1019.7242,1061.6901,786.78174,722.6648
208610_s_at,1772.0347,1795.9098,1406.8966,1323.4182
208620_at,4063.2263,4279.543,3578.541,3522.877
208627_s_at,6651.93,6127.7085,5675.2437,5938.351
208628_s_at,8810.989,8541.406,8359.503,8124.159
208630_at,676.39355,659.0336,526.57074,433.97266
208633_s_at,424.04907,415.57858,406.14648,372.28387
208635_x_at,11002.595,11148.345,10164.318,9186.711
208640_at,5221.5303,4772.4688,4250.8438,4014.5952
208645_s_at,10153.682,10157.192,9867.284,10529.332
208646_at,5819.7925,6321.929,5116.951,4885.61
208675_s_at,2916.8833,2768.0352,2510.7761,2218.918
208679_s_at,7432.061,6587.4175,6394.599,6046.3696
208685_x_at,1123.8312,1148.0369,969.8851,834.9127
208686_s_at,426.8694,439.4753,348.95508,384.92007
208692_at,8859.13,9824.329,9120.497,8211.1
208695_s_at,10691.899,11454.359,10820.15,10233.821
208705_s_at,4530.862,4863.4316,4575.6333,4314.997
208714_at,1518.3391,1414.1227,952.51025,968.9117
208718_at,4851.971,5035.42,4886.2075,4230.741
208724_s_at,6832.5474,6197.691,5966.8477,5857.93
208746_x_at,7422.2715,7234.1133,6562.904,6818.592
208755_x_at,9987.901,10458.5625,10353.709,10227.16
208756_at,2552.1277,2567.0579,2768.1726,3163.952
208767_s_at,6377.671,6555.8535,4962.937,4151.999
208768_x_at,8244.675,8622.672,7724.909,7303.7666
208774_at,416.12698,402.90286,375.99713,321.6472
208777_s_at,2622.6084,2962.8818,2594.3682,2664.4348
208779_x_at,453.73932,526.11145,564.624,519.2895
208780_x_at,4879.465,4254.2563,4167.4937,4336.288
208790_s_at,76.78132,78.33191,82.479,79.582886
208805_at,6426.831,6216.553,5826.1016,4963.0225
208825_x_at,10948.725,12419.102,12432.506,11319.849
208826_x_at,6326.963,5711.554,5852.8286,5192.5894
208827_at,3587.7405,3862.5337,2978.982,2830.8713
208834_x_at,11101.097,12536.888,12531.278,11728.909
208856_x_at,9011.254,9678.797,9013.333,9651.905
208861_s_at,1420.3865,1372.8374,1219.9686,1054.4294
208862_s_at,691.2956,680.43005,449.4496,401.01978
208865_at,1881.7473,1863.3534,1498.1669,1724.09
208880_s_at,459.11765,495.61707,462.65598,397.3254
208904_s_at,8447.689,7744.2666,6562.0493,6382.116
208919_s_at,363.23294,371.74435,264.1916,215.04213
208923_at,1929.3007,1834.3025,1319.913,1190.039
208929_x_at,8596.157,8358.437,7197.628,6979.7056
208949_s_at,941.96643,880.71405,548.6905,489.22256
209002_s_at,72.19778,78.78177,38.844894,40.23481
209069_s_at,6458.342,6236.973,6015.556,6140.1807
209080_x_at,2739.826,2365.2922,2217.7874,2091.031
209088_s_at,528.314,563.13416,508.66565,492.61798
209090_s_at,465.8479,427.82166,335.37054,292.6637
209091_s_at,810.06335,816.1947,822.24036,732.7303
209134_s_at,11287.74,11700.884,10716.928,10529.6875
209152_s_at,376.6673,368.43387,327.0942,272.24905
209192_x_at,190.09486,178.40698,156.10228,139.96867
209202_s_at,272.01126,297.96024,187.70476,165.98087
209208_at,438.431,440.3864,386.38083,348.69174
209247_s_at,266.00934,271.77042,247.7992,243.04005
209251_x_at,7621.946,7876.8926,8325.968,9302.366
209321_s_at,101.51941,112.27805,76.31649,72.03614
209333_at,106.028244,104.485886,86.62905,89.857216
209345_s_at,272.79886,296.97842,292.99878,290.66495
209370_s_at,92.90789,85.93445,70.21842,78.80557
209391_at,351.66254,314.459,280.71313,246.53639
209410_s_at,356.2826,375.05954,287.27628,254.22676
209431_s_at,354.50677,350.32797,306.22568,267.84122
209454_s_at,208.41699,188.35028,174.24005,175.63002
209503_s_at,2725.6938,2515.3362,2009.0007,1760.2664
209504_s_at,100.33669,97.855545,40.004704,31.243736
209561_at,88.50226,91.90174,50.02484,59.739384
209578_s_at,250.40161,231.37126,178.75983,178.39323
209615_s_at,359.4385,379.23315,274.60632,236.29413
209643_s_at,172.06288,185.62776,150.66917,161.57227
209650_s_at,103.60715,99.291275,72.82355,74.14737
209668_x_at,120.707855,119.238556,100.155655,103.92992
209675_s_at,180.71057,201.00151,132.04193,146.53702
209682_at,498.3234,465.75122,421.84567,362.13562
209698_at,185.15147,176.27734,88.253586,82.65163
209761_s_at,80.36678,86.45268,80.56663,81.589455
209771_x_at,10029.299,10924.744,10120.92,9348.514
209820_s_at,175.0895,187.81262,205.44896,200.5301
209831_x_at,288.5936,327.5659,176.88538,169.01541
209849_s_at,305.21664,336.83557,137.22685,121.1152
209866_s_at,189.04918,170.44824,113.33244,120.63678
209873_s_at,179.88547,188.99402,93.53555,98.617294
209899_s_at,1416.8334,1556.3918,1356.4441,1238.0217
209929_s_at,165.46658,164.96007,121.51625,111.30596
209947_at,283.16782,322.49176,245.73076,242.9476
210014_x_at,1395.6053,1344.7068,1026.7668,1088.122
210101_x_at,815.7772,789.2597,833.1683,777.01215
210125_s_at,426.36542,454.42337,379.50174,361.8738
210131_x_at,1111.161,1206.6764,931.5782,811.9821
210183_x_at,3634.248,4015.9648,3521.1099,3374.6985
210214_s_at,102.42999,104.2976,89.47462,81.39964
210231_x_at,9233.279,8650.727,8197.2,7359.8364
210250_x_at,2978.6157,2638.7617,1967.1882,1769.5508
210285_x_at,341.10498,397.32224,468.02954,470.16544
210427_x_at,5631.907,5554.1895,7000.0547,6249.6475
210428_s_at,174.6915,158.36606,131.93042,130.77888
210453_x_at,7403.6553,7179.362,6411.873,6601.751
210469_at,75.566185,71.606674,43.881493,45.40622
210473_s_at,598.78253,613.2766,642.9377,664.26196
210501_x_at,3379.4043,3158.7004,2541.2024,2273.8433
210502_s_at,515.0674,520.23126,305.9491,260.0577
210529_s_at,106.64866,102.59399,109.257774,105.76609
210646_x_at,12016.56,12751.81,11865.505,11426.786
210655_s_at,69.46731,65.84288,47.259907,47.507225
210686_x_at,422.07104,398.2194,345.16418,323.60046
210974_s_at,332.72647,305.93372,262.32535,274.8713
210986_s_at,7690.619,8385.183,8976.593,7892.8784
210987_x_at,4419.834,4867.812,6135.7217,5868.282
210993_s_at,518.121,461.19916,479.1695,437.20563
211058_x_at,8561.553,9520.147,9431.658,9892.651
211072_x_at,7811.9604,8928.681,8831.152,9792.74
211073_x_at,11202.561,11314.746,9635.776,9176.945
211159_s_at,231.5287,240.32875,200.50333,195.7571
211205_x_at,77.58476,70.94191,62.86591,66.47364
211240_x_at,619.09595,638.0564,515.9009,439.3202
211251_x_at,218.85078,235.27168,216.76318,206.61328
211296_x_at,8742.702,8754.419,8916.524,9033.059
211337_s_at,242.07768,218.19604,134.22957,128.81137
211345_x_at,7874.893,8102.4116,7120.42,6917.1016
211378_x_at,8791.592,10275.728,9634.445,9862.342
211382_s_at,239.12914,225.81789,252.106,234.17972
211465_x_at,114.64591,113.80326,83.41815,70.087364
211487_x_at,8266.072,8734.424,6748.0586,7620.8374
211503_s_at,705.1723,776.5515,625.7779,597.6851
211537_x_at,288.93375,278.15555,281.22406,240.69505
211542_x_at,12393.44,12775.417,12317.345,12430.058
211561_x_at,91.32528,89.35723,68.08153,68.97293
211593_s_at,189.96448,190.80212,134.66977,131.07011
211628_x_at,9751.63,9338.347,7617.4126,6655.4355
211630_s_at,380.55634,379.07022,292.19955,262.98584
211666_x_at,9060.525,9282.274,7349.408,6535.154
211672_s_at,390.7282,428.30072,531.2863,493.53354
211699_x_at,67.90639,72.048454,38.516685,36.9879
211714_x_at,8328.379,8938.98,7862.254,8182.843
211716_x_at,279.93298,245.36766,273.15472,249.03021
211720_x_at,9615.206,9801.055,9342.323,9605.409
211750_x_at,7505.833,8027.5454,8053.962,8881.652
211752_s_at,883.8319,845.5774,684.9397,626.183
211755_s_at,6349.861,6315.3843,5915.072,4945.433
211765_x_at,9168.335,10567.795,9982.786,10361.83
211780_x_at,293.37048,298.62415,251.02559,290.04727
211783_s_at,1254.96,1198.0139,768.2886,798.5274
211828_s_at,127.70002,141.95361,211.57098,220.42462
211858_x_at,4540.8076,4100.7925,3576.351,3355.4438
211927_x_at,8381.581,8343.73,7627.6465,7538.367
211934_x_at,742.2198,692.5937,424.2229,433.6205
211940_x_at,9679.027,10600.069,10146.368,9993.04
211941_s_at,5163.56,4850.9478,3619.3481,3510.4612
211942_x_at,7651.4824,8067.208,6985.8633,7558.0713
211943_x_at,9598.484,9522.193,9218.74,9602.026
211944_at,901.8513,1056.3927,949.7658,892.83093
211970_x_at,9880.685,10577.992,10308.909,10926.419
211972_x_at,9951.786,9121.829,8259.643,8223.708
211976_at,460.7375,440.07852,311.95752,323.78064
211978_x_at,9360.28,10747.874,10068.49,10462.324
211983_x_at,10550.876,11700.977,11240.741,11462.487
211995_x_at,9360.658,10048.908,9741.045,10435.297
211997_x_at,6043.5405,5756.143,5375.1235,5132.602
212000_at,118.709465,100.96977,113.05701,111.29574
212034_s_at,319.52438,340.7417,373.99866,335.74808
212039_x_at,11269.161,11334.465,9330.825,9125.207
212042_x_at,11136.722,12760.166,11596.769,11216.966
212052_s_at,213.24663,194.24077,171.58958,159.04189
212057_at,972.9024,929.7092,681.7024,559.26825
212071_s_at,3949.135,4505.395,4498.993,4198.185
212077_at,6752.6816,5857.156,7853.8857,7662.719
212082_s_at,8313.879,8356.31,8463.871,8275.716
212085_at,4664.62,4971.8325,4138.6816,3978.092
212092_at,92.09425,105.34144,106.65426,100.1778
212127_at,255.72786,285.05963,305.63577,304.27444
212139_at,1317.2781,1238.8191,911.44885,767.3273
212144_at,69.318115,63.326897,62.984062,59.10765
212146_at,87.97752,88.86222,75.44146,79.42294
212159_x_at,474.53333,460.7765,468.8058,427.70175
212191_x_at,8422.715,8467.167,7227.7563,6781.7944
212194_s_at,196.75928,193.5249,198.57355,214.93335
212198_s_at,202.66745,183.85994,135.29433,129.5535
212212_s_at,320.83557,348.56683,241.04448,230.78073
212270_x_at,9027.023,9255.358,9026.146,8774.29
212273_x_at,5739.243,5824.1724,5174.1587,5038.8896
212274_at,147.66664,155.47168,175.92834,159.48616
212284_x_at,11001.759,11041.225,10788.162,10814.073
212288_at,447.82117,438.20935,407.47522,349.50406
212294_at,790.977,892.8032,1178.7024,1045.8322
212316_at,295.6715,308.83017,180.09993,204.98956
212318_at,1766.8788,1790.6643,1212.8645,1033.3689
212329_at,543.35223,556.70624,416.42667,446.7777
212343_at,237.53485,226.4913,152.30421,124.899376
212356_at,143.32553,149.05292,116.0547,123.32655
212361_s_at,1237.1995,1250.8271,1011.5957,829.60535
212363_x_at,8971.669,9573.221,9329.197,9891.585
212383_at,191.23611,175.39705,118.74035,131.14767
212386_at,3051.4702,2731.6355,2999.804,2685.9863
212391_x_at,12346.056,12812.587,12963.319,12753.167
212422_at,521.639,556.88806,438.18967,488.63953
212430_at,255.43964,295.47534,207.56888,203.20981
212433_x_at,10362.755,11154.824,10277.731,10144.631
212445_s_at,901.6546,821.34186,737.9933,790.1978
212460_at,2008.1763,2000.8989,1702.8651,1468.3667
212461_at,3410.3552,3943.5994,4578.78,4738.86
212465_at,1102.7731,1143.1509,974.5476,869.70734
212518_at,102.820984,92.743904,77.13177,68.939995
212532_s_at,1403.3179,1377.7375,1056.6615,960.2769
212537_x_at,8829.407,9188.648,9000.42,8902.278
212543_at,325.4873,356.50052,139.73643,132.383
212549_at,310.80014,311.8699,276.71902,284.32004
212573_at,86.459145,87.97223,55.66251,47.000713
212578_x_at,8122.0435,8571.78,7373.73,6989.531
212581_x_at,8176.084,9095.788,8812.864,8006.596
212605_s_at,377.43298,375.3954,276.997,229.6807
212618_at,84.42312,89.415695,56.704216,65.8736
212626_x_at,5251.9062,5453.392,4728.699,4305.3667
212639_x_at,10490.17,11825.187,11536.229,11531.3955
212656_at,763.90607,783.0553,683.82544,687.9418
212661_x_at,9812.309,11044.874,10449.13,10945.584
212680_x_at,1555.1824,1481.1198,1537.1664,1439.873
212691_at,294.3219,324.3256,309.6765,321.5343
212693_at,1972.8296,1963.4014,1711.4077,1549.686
212734_x_at,9512.555,9193.855,8242.0205,7513.5474
212748_at,125.80735,130.08998,84.90911,86.52086
212752_at,465.34683,505.0281,463.11618,432.89505
212769_at,91.72404,94.2224,67.16001,62.87216
212770_at,208.49864,224.13708,157.02026,176.32024
212774_at,736.26154,866.82495,999.5108,965.8186
212776_s_at,309.64172,325.20642,190.7455,214.2237
212788_x_at,10097.591,10589.929,9932.747,10223.496
212790_x_at,11931.865,12616.141,11515.109,10902.826
212805_at,195.46136,218.40962,202.81607,205.03293
212814_at,302.09894,275.58084,151.55486,144.1616
212816_s_at,1222.5641,1142.8917,669.0977,718.64136
212818_s_at,212.7726,233.75085,167.13527,145.44919
212844_at,100.968605,113.73389,74.46242,75.909004
212853_at,61.49847,56.50067,47.842037,47.94024
212856_at,174.64948,163.962,128.86055,124.96731
212869_x_at,10443.357,10593.968,10007.781,9866.339
212879_x_at,136.70097,151.4208,136.14194,121.91673
212916_at,153.34895,165.43564,143.5444,125.38418
212931_at,582.3922,579.2868,377.0213,338.48618
212971_at,3158.6836,3112.047,1969.973,1587.9763
212986_s_at,463.39975,442.0442,350.95517,297.17383
212988_x_at,9583.884,10334.085,10334.905,10704.729
213016_at,737.8543,714.3857,598.74805,505.92023
213047_x_at,7681.149,7721.851,6961.1597,6223.9585
213050_at,496.07596,509.67676,464.33466,545.27
213080_x_at,11906.881,12089.11,10718.643,11714.698
213084_x_at,10738.734,11627.727,12155.444,11694.396
213086_s_at,2402.656,2430.7048,2303.596,2194.3645
213107_at,325.98642,303.33038,520.87506,513.6462
213113_s_at,213.46277,213.02754,181.14455,161.20543
213130_at,77.145996,74.78006,55.715374,56.844822
213135_at,600.3837,528.31085,299.64526,294.9693
213136_at,867.3333,765.7965,717.84845,655.23096
213152_s_at,179.14275,178.57683,123.47489,124.82076
213164_at,815.13416,905.8688,644.8407,590.39545
213187_x_at,9141.617,9081.152,8907.44,8568.172
213201_s_at,400.75745,437.5002,314.72665,281.28766
213214_x_at,10582.524,11447.986,11313.894,11805.317
213234_at,289.93304,265.33725,166.57408,167.76488
213236_at,216.74133,234.16447,149.20985,144.22037
213272_s_at,294.64563,294.12836,197.18597,159.331
213300_at,128.70706,137.91144,141.2233,140.66534
213308_at,342.88712,356.0342,258.74557,262.84436
213318_s_at,1315.99,1147.257,946.4003,906.42163
213347_x_at,9766.189,10610.508,9979.441,10515.762
213377_x_at,10729.779,11729.824,10976.355,11208.397
213414_s_at,12229.674,12221.584,11223.219,11698.92
213453_x_at,9313.78,9240.186,8457.411,7793.6704
213467_at,331.10638,333.15985,179.72845,176.85077
213474_at,138.03178,136.76071,96.48522,79.55738
213476_x_at,5970.805,6487.8794,6113.996,7050.3853
213477_x_at,11198.312,11994.466,11695.648,12095.105
213503_x_at,5506.322,5148.291,7035.1943,6129.0293
213508_at,907.8812,904.46326,569.39764,477.33524
213564_x_at,8981.4,8945.63,8798.092,8475.977
213567_at,311.94476,299.36948,294.17932,323.45526
213570_at,81.09252,88.37904,75.1399,68.79648
213583_x_at,10058.545,10807.935,10623.478,11499.972
213606_s_at,68.543755,65.14617,56.239,51.010147
213614_x_at,12247.505,12648.707,11923.059,12204.138
213617_s_at,971.9562,901.1612,864.3891,790.1153
213639_s_at,120.41043,127.45044,85.78135,77.27441
213646_x_at,8275.328,9492.272,9535.862,10055.6
213649_at,1278.8125,1165.4645,1037.2007,923.48486
213681_at,94.54618,100.3492,68.33427,67.47009
213687_s_at,9355.295,9606.146,8777.853,7783.101
213713_s_at,136.71701,125.14785,85.41198,90.23189
213738_s_at,8776.141,9410.732,8645.582,8096.11
213746_s_at,378.971,376.14804,325.14774,376.21765
213753_x_at,898.3836,1027.8942,886.8494,936.15063
213801_x_at,10073.25,10715.461,10165.918,10725.624
213811_x_at,1242.1573,1241.2577,733.91943,789.21063
213828_x_at,10105.637,10507.7705,9796.786,10422.233
213860_x_at,3837.2754,3921.262,3736.3936,3178.5947
213867_x_at,10291.914,10455.01,10888.371,11101.963
213887_s_at,1082.3735,1198.2167,919.34064,897.6095
213890_x_at,8888.777,9332.62,8265.974,7190.376
213911_s_at,7819.778,8521.048,8526.372,8407.018
213941_x_at,8518.947,9122.101,8653.827,8785.812
213947_s_at,374.70566,379.98294,248.38303,248.64316
213986_s_at,71.59136,69.9666,54.590008,47.091755
214003_x_at,11125.788,11179.207,11422.293,12041.719
214022_s_at,9355.178,9058.472,5838.0913,5873.3076
214035_x_at,681.8281,768.0271,496.8843,452.487
214039_s_at,11253.536,11606.095,9202.447,7784.912
214107_x_at,337.0632,314.1131,267.47745,241.38602
214126_at,161.8105,147.43475,130.91733,122.400475
214143_x_at,10167.82,11552.873,10033.94,9711.084
214167_s_at,9208.368,9220.557,7785.1797,7319.373
214201_x_at,321.9901,332.0276,285.14142,286.70657
214239_x_at,824.98486,820.42535,641.1064,520.23846
214246_x_at,296.50333,307.7566,267.0079,300.5912
214271_x_at,9538.252,9798.05,8376.724,7982.7036
214288_s_at,6841.3965,6928.3906,7160.527,6296.4053
214317_x_at,7248.8955,8028.7925,6900.359,6368.483
214327_x_at,9735.74,9977.792,9466.699,8885.229
214339_s_at,135.9238,145.50703,81.14201,87.50468
214396_s_at,421.02692,406.12286,301.12637,279.11093
214426_x_at,544.74005,621.5033,616.51166,591.20306
214526_x_at,257.49506,262.17923,189.81679,156.51315
214532_x_at,7770.4546,6869.747,5462.9243,5307.72
214548_x_at,6120.5146,6136.188,5419.514,4487.359
214553_s_at,388.86398,398.3708,294.8161,269.00787
214629_x_at,7920.297,7316.239,7598.97,6723.2627
214663_at,123.29097,134.50536,87.82775,78.50056
214679_x_at,202.72057,205.61703,180.90073,156.45435
214687_x_at,4571.5063,5044.839,4329.285,3883.9382
214724_at,347.99542,327.105,273.9931,233.52667
214726_x_at,162.00256,179.47012,145.14708,155.97154
214730_s_at,1171.7867,1149.3832,871.95294,765.86633
214743_at,474.2442,476.7988,448.0459,376.30048
214775_at,71.1577,69.866745,36.59249,40.860607
214784_x_at,470.4247,421.2023,586.4936,563.00836
214789_x_at,772.3015,767.82355,675.4084,559.2361
214850_at,94.72622,87.85388,86.26456,83.41484
214870_x_at,895.66895,861.2231,620.05927,500.8981
214894_x_at,942.0412,922.5282,865.1419,747.0738
214919_s_at,180.32806,200.75398,150.57104,158.18982
214938_x_at,7125.3735,7835.3833,7708.5195,7781.789
214965_at,186.83908,162.87366,137.92894,142.49872
214991_s_at,66.97841,64.68732,61.39041,59.444805
215004_s_at,190.15405,198.05809,169.54369,173.38408
215084_s_at,627.3232,621.0897,450.3144,438.7189
215113_s_at,223.02942,253.41476,206.67981,206.84663
215157_x_at,8686.38,8807.547,8817.817,8675.959
215167_at,82.72115,76.20685,91.52928,82.82205
215222_x_at,745.22565,699.36584,669.70264,600.89075
215416_s_at,1673.6865,1623.9235,1217.4792,1005.8193
215482_s_at,759.1956,705.0232,535.70123,584.29443
215549_x_at,198.74203,212.54424,58.19022,43.579525
215568_x_at,256.91663,269.59,207.81319,244.63489
215631_s_at,467.81332,436.49496,453.0281,476.44687
215690_x_at,250.88683,232.38283,218.9711,216.82767
215773_x_at,864.1508,917.00085,799.4031,798.4567
215780_s_at,8152.0522,7912.1855,7529.4927,6788.401
215823_x_at,9611.145,9291.243,8351.953,7426.909
215952_s_at,8429.287,8904.809,7467.444,7055.1357
215963_x_at,9643.519,10460.733,9041.87,8706.748
216032_s_at,986.54,867.7984,561.6998,546.8637
216226_at,109.60043,105.17609,116.56206,101.30599
216232_s_at,492.23843,453.7804,379.2447,342.0357
216267_s_at,98.97044,95.481316,96.431725,93.24768
216295_s_at,3785.3586,3707.7837,3229.4185,2766.3816
216323_x_at,482.23364,450.45078,604.9668,654.6032
216326_s_at,770.26825,716.3098,613.3759,536.19794
216342_x_at,7466.4126,7704.2607,7852.593,7194.9023
216348_at,2261.019,2208.251,1531.2549,1277.6523
216379_x_at,10399.131,11435.121,10610.979,9842.399
216380_x_at,1878.0342,1840.8253,1255.2329,1224.5311
216397_s_at,149.44376,133.71654,132.10417,132.06004
216438_s_at,11919.434,11319.467,12361.098,12383.523
216468_s_at,166.312,179.71996,75.23779,67.622284
216520_s_at,10097.811,9844.098,9463.953,9487.3545
216551_x_at,98.577835,96.61625,140.18558,159.03915
216620_s_at,846.60095,930.45685,653.28735,595.2146
216843_x_at,312.69995,332.41122,237.87654,205.44177
216863_s_at,312.6611,293.61105,217.73692,180.1275
216903_s_at,339.88394,338.5464,235.62973,215.3094
216958_s_at,235.80495,227.17662,223.51625,188.13475
216993_s_at,77.876175,80.89057,52.274326,46.854046
217047_s_at,222.00508,248.75833,244.53336,245.98877
217191_x_at,151.2749,160.77623,114.13505,128.72935
217211_at,300.6524,335.57278,386.34814,415.07425
217256_x_at,4619.152,4582.2256,3883.1553,3429.6416
217398_x_at,8288.856,9020.957,8423.673,7926.9697
217407_x_at,150.08958,136.75995,127.75359,127.37518
217492_s_at,814.2116,954.1582,902.2454,890.01605
217553_at,177.15604,160.11055,114.59685,121.74069
217691_x_at,82.0734,87.75425,104.13984,93.59935
217704_x_at,149.15114,161.76308,47.759785,48.725018
217714_x_at,127.79823,144.27638,176.47835,157.58499
217718_s_at,6076.8223,6188.308,5852.3027,4898.555
217749_at,620.731,597.3474,524.7413,552.43726
217750_s_at,905.05774,878.817,705.2562,759.4712
217753_s_at,9390.996,9601.88,9279.7705,8706.495
217756_x_at,4645.744,4237.198,4030.0647,4120.354
217763_s_at,695.3305,631.3911,471.57452,409.44247
217764_s_at,820.61194,876.35205,617.7792,582.06274
217765_at,441.00314,423.8784,275.48868,295.79565
217782_s_at,440.24902,473.33563,412.15063,361.75662
217786_at,1159.4363,1197.77,1090.7375,970.2435
217806_s_at,597.77124,515.9329,470.22916,448.15225
217835_x_at,3859.5322,3647.5408,3504.808,3839.483
217841_s_at,243.81976,231.45847,227.5507,208.8058
217854_s_at,1903.973,2053.785,1626.9083,1677.0544
217865_at,921.6584,832.2892,629.4857,547.23364
217886_at,930.33014,865.06757,534.5706,489.5506
217926_at,1657.2705,1892.6805,1473.8027,1448.4648
217927_at,3657.1934,3836.786,3418.9846,2898.1519
217929_s_at,212.51874,238.94395,108.3846,111.39013
217939_s_at,445.82626,411.45758,364.4887,344.04663
217943_s_at,242.8711,266.10327,261.16214,272.73126
217960_s_at,1362.665,1543.0713,1347.5133,1374.8317
217963_s_at,9490.158,8363.98,9087.986,8348.188
218037_at,264.6574,278.50974,192.73874,210.21295
218052_s_at,248.09209,249.86986,265.28568,278.4214
218057_x_at,1401.2118,1321.0146,1110.8732,954.191
218064_s_at,280.72037,259.31387,138.16547,130.10446
218066_at,585.2601,550.5543,387.07285,460.15646
218107_at,1268.8276,1142.3177,1246.5325,1183.9751
218114_at,118.68047,128.11742,107.36875,97.18168
218121_at,78.76029,86.75292,83.16507,76.96802
218192_at,612.7251,564.0935,500.11496,525.6307
218210_at,427.95346,378.94672,341.06824,375.58304
218213_s_at,5272.154,5801.3174,5174.0425,4572.3345
218220_at,622.2313,652.1341,462.1614,426.0316
218225_at,240.9845,256.91885,205.0063,199.71158
218247_s_at,2232.4417,2386.2422,2461.773,2118.77
218248_at,319.94244,331.27057,267.93738,225.31667
218261_at,617.58527,610.45264,346.7458,401.47546
218262_at,508.67407,536.06287,234.16261,244.35464
218291_at,593.9223,663.9555,557.79877,489.39496
218335_x_at,322.0412,295.27658,319.63193,317.75635
218338_at,2690.7083,2631.3953,2006.0255,1795.4861
218434_s_at,548.3,574.13794,482.3615,408.9872
218436_at,74.39051,79.152756,63.30785,61.20586
218441_s_at,316.07684,302.73425,225.88014,192.51056
218448_at,1676.7108,1707.3715,1125.5084,900.8604
218452_at,249.64177,221.04688,183.14983,201.24287
218471_s_at,155.44435,165.06238,130.12662,114.89943
218496_at,692.6056,788.268,641.504,590.4852
218524_at,151.70154,165.60977,128.13779,133.45616
218606_at,641.3798,734.1902,632.23895,649.8344
218608_at,89.84558,97.256874,63.881798,61.70038
218620_s_at,85.07437,84.70023,59.864403,54.452515
218624_s_at,211.50624,217.34981,146.67168,120.72549
218633_x_at,386.2935,407.87054,356.0994,311.93713
218659_at,593.6832,668.6732,446.7827,476.59808
218680_x_at,1659.4302,1772.6134,1805.1984,1684.2346
218744_s_at,247.79362,258.82428,181.67104,147.96407
218770_s_at,167.7269,172.7343,94.32545,88.79508
218774_at,368.11716,389.984,305.29352,262.44522
218780_at,347.81143,308.3351,191.28638,203.11647
218786_at,81.797714,89.310814,83.35515,90.56174
218855_at,139.29445,147.43289,80.68876,80.91509
218858_at,318.15906,307.2462,62.75922,54.423492
218865_at,290.42813,309.95444,299.3693,325.65366
218916_at,99.93463,97.63335,73.654366,64.030914
218927_s_at,177.52625,178.65292,159.21623,170.77028
218928_s_at,101.23691,93.477974,89.15987,83.40674
218967_s_at,216.88113,245.87074,341.49982,325.5637
218970_s_at,637.3659,619.2151,419.1536,366.3906
219052_at,144.83568,159.6418,115.46556,120.379395
219061_s_at,637.70306,621.48444,354.26407,397.0497
219071_x_at,183.1721,175.08775,185.28757,205.935
219098_at,285.82645,305.32257,295.3529,309.7097
219126_at,677.6825,621.23224,628.0775,710.42194
219155_at,723.8543,685.8318,485.5568,433.34656
219188_s_at,98.51458,103.456406,41.199417,41.872215
219291_at,363.4102,350.83688,338.71313,371.89255
219293_s_at,4528.119,4754.7656,3914.9243,3312.618
219301_s_at,493.06918,459.55426,553.9175,499.87665
219357_at,566.04486,587.6543,404.41342,357.24832
219418_at,228.40346,204.29214,152.88962,134.68806
219429_at,227.42755,213.52472,87.358025,83.8338
219462_at,189.92172,177.65561,108.937935,98.1726
219464_at,550.84265,545.3363,422.65067,416.74857
219499_at,110.79519,98.755104,120.18587,109.94079
219509_at,98.08876,91.977165,26.027655,25.806225
219521_at,132.26076,149.07794,179.18166,173.0813
219538_at,68.02646,67.615555,62.310993,55.874096
219550_at,85.414635,85.08185,13.908154,15.403975
219559_at,146.98312,147.50269,100.13655,102.325676
219591_at,87.924034,98.11623,88.717575,93.03517
219626_at,210.67021,209.85426,238.57921,215.581
219718_at,122.71725,119.61493,72.093094,84.32975
219736_at,254.34686,243.90488,158.90605,129.23932
219762_s_at,6523.811,6642.878,5916.026,5086.169
219767_s_at,210.06189,212.85342,162.27356,153.90785
219801_at,76.65248,79.19269,53.27354,45.591957
219821_s_at,142.76787,163.42384,164.45297,159.94638
219823_at,9609.747,10026.938,8731.162,7776.333
219826_at,215.99786,210.98677,183.8535,155.4258
219920_s_at,102.48309,116.50621,101.199135,111.37817
219923_at,108.92108,103.94637,79.96613,72.5852
219924_s_at,240.5485,221.45009,135.15706,159.04825
219931_s_at,117.8803,115.72135,74.65735,63.741817
219937_at,298.28638,275.84677,121.21384,141.1143
219940_s_at,873.7803,919.94794,910.6557,904.11536
219976_at,215.91565,228.38095,110.96036,88.251045
219982_s_at,138.21503,120.501884,130.94064,123.64968
219988_s_at,484.68356,503.886,327.68674,396.10858
220033_at,131.83719,131.63594,101.932625,89.86093
220058_at,130.90755,138.12315,76.28423,70.72846
220085_at,1906.0294,1862.9199,954.90906,731.96106
220157_x_at,149.66792,153.4541,135.13933,140.59721
220161_s_at,1573.9868,1616.8048,916.0854,716.7972
220184_at,6098.4116,5842.67,3489.7651,3783.5498
220227_at,100.63604,93.866,62.947144,55.556053
220244_at,82.17011,86.30277,47.241993,50.62187
220398_at,51.876476,51.54881,40.40277,41.77951
220459_at,159.1872,169.66237,103.31614,108.12741
220482_s_at,58.9671,58.722527,47.647068,44.567425
220486_x_at,134.04793,151.85815,162.36804,151.59813
220610_s_at,181.89545,173.35559,217.11021,197.8363
220721_at,80.28063,80.72493,60.57686,51.70508
220760_x_at,335.16443,319.2305,194.70651,156.1429
220948_s_at,2458.3188,2236.0542,2259.044,1950.036
220960_x_at,8747.951,8832.134,8132.923,7892.012
220968_s_at,175.47607,162.05655,142.57712,145.79207
221036_s_at,109.63105,110.27953,72.76975,74.096245
221069_s_at,503.4232,488.5113,363.43155,313.2391
221207_s_at,426.58167,411.08105,423.19107,437.58063
221247_s_at,272.7904,271.42014,227.52641,227.29454
221269_s_at,288.1841,319.90924,291.0685,271.4377
221270_s_at,235.08762,230.37363,138.09357,113.452225
221475_s_at,11250.375,12471.489,9829.623,11086.649
221479_s_at,938.18134,961.7971,729.21796,652.9407
221494_x_at,3522.3857,3336.91,2795.2654,2470.8293
221587_s_at,184.20634,207.2769,157.66164,143.36044
221597_s_at,819.4356,773.6919,823.5796,762.1286
221604_s_at,125.07487,117.81249,110.2849,108.78322
221607_x_at,10176.399,11099.0205,11254.116,11509.318
221686_s_at,110.11291,99.283424,59.91272,59.602943
221706_s_at,98.819855,93.29229,53.701164,60.26755
221734_at,409.01343,387.0639,337.18378,280.58826
221743_at,4756.139,4328.112,4207.7065,3748.5603
221775_x_at,8513.757,8973.39,8074.117,7707.47
221777_at,204.22491,211.84059,159.18724,154.71466
221783_at,96.17638,88.715965,69.6281,71.67425
221789_x_at,293.44806,273.34564,199.56154,208.70769
221791_s_at,8892.65,9932.037,9464.772,8431.288
221798_x_at,10334.42,10688.522,10570.331,11401.661
221799_at,90.11395,92.49854,107.35946,104.32791
221817_at,478.0078,542.8439,427.12878,451.2829
221819_at,444.07474,438.78558,331.1298,354.0021
221831_at,262.33246,234.08609,232.73048,212.44731
221839_s_at,1029.1573,1042.6472,909.5908,763.13837
221850_x_at,266.19846,237.75754,203.34512,208.29599
221876_at,132.225,138.08623,84.61659,96.84596
221912_s_at,149.63657,157.10785,65.68366,53.198532
221934_s_at,544.6162,545.6897,233.2314,253.32156
221945_at,44.262756,44.722168,45.383007,43.95134
221959_at,102.062416,99.92083,90.90076,106.2153
221999_at,93.712555,89.90733,89.5672,86.31304
222099_s_at,565.74036,524.80054,317.95154,375.84802
222131_x_at,265.85254,292.53604,220.74257,231.84105
222133_s_at,96.9864,86.652504,73.59791,74.839455
222155_s_at,115.14163,120.01656,103.46431,104.78892
222217_s_at,280.62555,308.01852,166.01878,155.95578
222290_at,123.85035,135.44556,48.064274,44.992718
222435_s_at,183.42238,175.05743,154.95601,160.60957
222454_s_at,142.86803,130.13449,141.03381,153.3001
222457_s_at,683.74274,676.27374,742.37146,644.7367
222492_at,83.806984,84.97208,80.361206,92.52233
222512_at,256.3351,256.3546,246.32259,247.11382
222575_at,613.70526,595.928,407.40787,341.70508
222576_s_at,213.61296,213.68138,184.07573,218.39981
222593_s_at,475.8451,456.14728,402.25327,335.86307
222598_s_at,134.12756,147.16776,99.60382,108.260826
222628_s_at,429.5832,462.50583,365.18497,326.78687
222652_s_at,114.50742,119.47458,87.45087,82.367546
222657_s_at,522.1841,572.5401,453.07184,414.35104
222658_s_at,361.08313,340.18152,273.22244,253.65578
222694_at,91.636345,82.45785,80.41057,78.474434
222732_at,272.17853,242.79509,279.5554,251.41768
222734_at,212.9411,203.34976,218.81093,187.56969
222746_s_at,130.66129,118.59558,82.78379,80.49431
222857_s_at,512.11475,509.82974,307.32642,259.58554
222894_x_at,342.65442,377.99503,357.35416,315.31512
222983_s_at,2937.5024,2926.8516,2442.7598,2374.821
222992_s_at,4868.9062,4949.58,4198.9375,3632.8838
222998_at,201.9724,177.6754,155.30287,157.29057
223023_at,156.91765,175.32953,157.60567,145.72038
223032_x_at,3356.624,3547.182,3155.013,3496.212
223033_s_at,147.30815,164.45927,149.02434,141.72676
223062_s_at,7879.4077,7038.5527,4453.7173,3969.004
223064_at,1670.278,1769.9087,1296.8085,1117.5321
223075_s_at,1108.6416,1287.9,1023.52966,1010.23315
223112_s_at,2609.5227,2894.5083,2547.1155,2432.8252
223144_s_at,972.2756,934.6833,751.3925,693.6644
223148_at,343.8502,318.09027,273.26453,266.1543
223150_s_at,150.30956,135.57831,92.73149,102.99745
223175_s_at,246.58472,261.55673,292.54977,250.29852
223186_at,282.38126,297.67203,239.33315,264.5299
223216_x_at,136.46645,148.62096,82.59674,76.551155
223251_s_at,1938.414,1999.5344,905.87537,749.5025
223252_at,269.45013,283.9121,284.35764,255.2025
223259_at,254.61888,244.63506,179.89105,207.45303
223319_at,154.62918,144.45355,175.1179,170.97682
223321_s_at,68.339005,74.465126,45.865765,47.53597
223332_x_at,172.08842,182.81761,113.891685,121.07157
223351_at,518.9628,524.6195,445.08127,377.03574
223354_x_at,328.8166,383.92776,347.4509,354.86993
223385_at,475.14383,475.42126,273.06805,337.37283
223401_at,203.92119,228.50879,127.818504,140.66335
223402_at,375.62274,353.58652,249.77844,222.56256
223421_at,105.40591,111.95611,67.96412,65.130325
223489_x_at,246.7507,253.92093,298.54993,261.36505
223498_at,101.499176,108.127625,76.23942,69.66737
223554_s_at,99.03513,95.37653,109.9872,95.42465
223617_x_at,206.20715,238.93423,199.56483,194.75755
223627_at,54.15663,59.840958,81.58379,79.96299
223635_s_at,76.23806,76.04428,79.46968,69.14553
223671_x_at,1063.1311,1210.6089,832.232,886.86816
223740_at,78.2098,72.208824,45.415417,46.65436
223780_s_at,77.05094,73.38804,64.2963,62.789116
223875_s_at,78.74829,71.73566,60.767284,63.48808
223880_x_at,3628.487,3258.621,3142.8215,2850.3718
223894_s_at,223.36581,221.69733,218.66843,203.27484
223971_at,67.379036,62.346405,74.987495,69.74469
223989_s_at,436.50995,465.18137,436.64587,488.6802
224078_at,244.11836,254.23811,262.10367,229.57294
224176_s_at,77.68981,85.54991,62.328133,68.723526
224312_x_at,409.66095,393.14883,273.73566,272.00046
224347_x_at,81.31854,79.101,68.46405,77.00527
224364_s_at,1356.2998,1341.5408,1102.1711,974.19275
224372_at,10706.193,12302.348,10881.507,10708.911
224373_s_at,12113.732,12605.095,11253.573,11033.9795
224443_at,88.0735,91.5134,54.01305,49.715652
224479_s_at,732.7875,646.40826,504.88223,502.5494
224564_s_at,1440.6185,1334.0258,1087.7675,1109.3593
224570_s_at,545.5858,592.7919,506.6381,464.9373
224585_x_at,10103.246,11250.412,11174.131,11545.926
224594_x_at,10201.279,10754.178,11132.902,11270.986
224609_at,280.43585,246.20668,176.36331,164.10883
224611_s_at,231.31674,217.90633,239.04324,225.47423
224625_x_at,4661.22,4899.0767,4355.0376,4400.6133
224659_at,126.47228,130.4307,123.98391,119.15417
224669_at,169.89682,175.07584,138.87144,142.32523
224678_at,129.60043,128.27368,94.89105,80.08651
224695_at,1034.8906,1041.251,861.4241,704.9468
224708_at,444.92947,449.66357,378.18646,375.9897
224710_at,1911.3615,2094.4937,1917.8503,1894.88
224711_at,1181.036,1278.9757,960.64575,947.5027
224718_at,678.9083,775.07764,516.679,482.41888
224727_at,266.6807,281.98935,262.8925,240.26108
224732_at,985.1233,1070.6746,841.7661,778.2129
224746_at,324.2433,310.5305,275.98245,236.75778
224769_at,1662.9891,1625.6516,1465.2476,1319.6451
224773_at,145.915,123.9186,144.00926,139.08858
224778_s_at,2084.9443,1975.608,1600.4314,1379.7764
224832_at,550.72174,484.47153,296.16522,305.56808
224858_at,760.75903,702.0528,541.1825,492.4272
224868_at,81.859924,88.87782,96.125565,88.09912
224878_at,1140.5348,1218.6436,1053.2451,914.7632
224886_at,150.7541,148.81113,145.14435,124.30683
224888_at,498.3135,526.34344,414.7421,371.95206
224913_s_at,1828.865,1937.7285,1432.4747,1217.4293
224918_x_at,5803.9565,5515.36,4789.861,4369.9756
224927_at,121.305855,131.5466,159.2884,165.94987
224930_x_at,8442.916,9433.055,9059.214,8512.35
224945_at,439.01828,516.73535,488.40668,470.07718
224948_at,3226.875,3377.1309,2967.749,2558.6921
224952_at,141.81241,154.38718,159.93253,153.20674
224956_at,1607.1699,1548.0182,1464.2067,1230.1812
224958_at,392.96152,346.1936,284.8191,282.6494
224966_s_at,76.849434,73.58578,79.68799,73.79743
224969_at,255.48523,256.54718,249.54533,271.53607
224977_at,96.65835,87.99462,88.194595,78.759094
224988_at,121.66495,114.85823,108.154755,121.92733
225012_at,587.4061,520.2959,508.58664,562.26526
225031_at,203.7473,211.13516,199.7137,176.80501
225043_at,341.2288,333.49036,178.8093,142.27
225059_at,577.12006,565.5411,330.12814,280.93903
225065_x_at,1978.5472,2229.4805,2032.309,2027.6378
225091_at,723.7194,755.10004,568.08405,480.1375
225103_at,220.29323,243.62378,188.30048,183.89992
225119_at,471.4561,427.33438,371.75345,416.45584
225155_at,8543.055,9046.797,9225.958,9028.08
225157_at,357.04434,371.24167,274.37137,251.91893
225168_at,183.24634,154.18422,206.8454,212.03323
225177_at,351.89392,340.89197,274.39148,279.79498
225190_x_at,9816.13,10889.386,9773.067,8728.762
225289_at,433.64316,453.47153,348.6643,344.0796
225311_at,361.73343,353.21484,321.60956,332.54575
225359_at,1338.9086,1299.8192,897.2251,980.09973
225370_at,119.28597,126.5496,100.86388,87.09728
225383_at,237.47646,255.1696,224.76811,197.53568
225427_s_at,1003.62225,1004.33704,741.0124,819.8371
225443_at,324.02838,282.98294,234.00572,231.90811
225466_at,204.15991,215.4809,178.79025,181.66443
225471_s_at,360.40613,381.5001,295.31522,258.12732
225476_at,145.49358,152.44473,182.09221,184.90863
225484_at,207.41307,186.9321,160.90483,144.92761
225550_at,193.02205,185.77686,131.7832,107.967995
225556_at,1588.7323,1555.7386,1563.104,1377.5781
225584_at,536.72455,484.74927,377.53107,328.1799
225651_at,1082.2225,1020.51447,543.1809,491.89557
225656_at,136.1463,122.09642,114.2854,114.08485
225691_at,417.10657,412.93494,466.33533,400.3899
225713_at,75.74069,70.21118,75.37361,74.47575
225750_at,441.99686,504.7541,289.78992,277.7069
225832_s_at,118.24875,134.85854,124.005135,130.3219
225860_at,115.74545,117.61177,101.905106,86.93407
225861_at,658.21075,641.32,446.69354,466.84177
225901_at,502.94888,486.3358,271.46445,263.6666
225909_at,132.03394,125.75497,78.29039,92.27704
225913_at,409.47983,363.75626,360.063,392.63617
225918_at,528.0368,586.3172,310.07758,316.44458
225931_s_at,147.0095,150.78868,99.83843,83.59305
225935_at,233.95653,252.86057,213.79356,185.09207
225958_at,4356.3047,4555.3765,3268.843,3022.0977
226012_at,437.72675,476.96274,407.95496,386.32184
226023_at,84.50882,80.83164,59.82067,56.813232
226027_at,506.84277,490.7144,362.1459,308.10345
226035_at,552.7459,556.296,411.5125,350.21194
226053_at,134.42096,123.20233,86.9766,89.55166
226068_at,67.039734,63.422012,52.601357,51.739456
226086_at,398.53174,425.41357,197.67192,161.37363
226097_at,63.086754,58.681896,48.242657,47.029163
226116_at,1350.7703,1433.0402,1170.9667,1038.6003
226131_s_at,11926.637,12239.808,11465.89,11201.932
226143_at,108.63468,127.77914,128.01439,127.72872
226203_at,291.20093,270.75888,127.549385,111.3195
226206_at,196.20917,193.05803,153.73688,139.16551
226234_at,98.73017,90.81151,96.51051,87.235306
226240_at,126.78195,120.17955,127.708755,136.69139
226263_at,298.5987,300.04745,185.99182,179.6402
226307_at,78.41024,77.95797,69.63314,68.43016
226358_at,345.61807,315.04346,189.84929,166.82135
226361_at,289.64954,288.87262,206.17758,187.56268
226373_at,124.48058,141.76367,126.94628,123.43796
226404_at,191.16042,179.87619,93.45811,74.32104
226426_at,907.30286,980.2358,790.9488,721.1325
226437_at,313.96674,293.80832,229.74965,262.37827
226439_s_at,209.57942,241.17596,209.5628,196.22589
226467_at,265.62137,262.22897,196.07303,227.6169
226482_s_at,1743.3469,1852.4806,1142.601,970.32434
226515_at,479.5675,536.7366,420.98016,465.3622
226547_at,448.69855,437.4531,385.4418,330.2532
226569_s_at,197.1388,178.29202,166.10233,179.49948
226624_at,130.34525,147.42549,146.01718,156.4661
226648_at,459.22903,513.3193,425.13583,372.8804
226657_at,135.42989,130.58992,90.0491,84.49148
226689_at,734.0363,694.46045,496.57925,413.6748
226742_at,267.27542,239.98268,234.6463,209.882
226797_at,1859.2131,1740.5856,1608.1433,1422.3794
226852_at,76.68393,71.65002,67.417595,62.454147
226877_at,138.9236,151.56631,81.995094,73.23275
226882_x_at,193.64917,187.98216,150.38654,127.440285
226893_at,207.73161,216.66032,166.28941,144.31396
226921_at,685.26263,752.76215,715.8374,687.87085
226942_at,168.33527,147.43011,153.63376,148.13734
226954_at,509.03027,462.73764,292.97205,248.76828
227008_at,288.05365,276.0412,246.35742,210.93784
227014_at,235.7645,217.08281,140.73068,151.47487
227015_at,164.84016,176.96947,107.30457,97.80427
227033_at,501.0882,465.16385,449.66772,391.6462
227065_at,180.08315,173.40236,177.7366,157.10275
227092_at,202.24414,212.68338,180.69344,153.36887
227096_at,53.587955,50.18115,49.95257,51.530647
227111_at,539.9843,474.8242,407.1443,368.53787
227139_s_at,1291.7828,1316.5878,1083.4795,901.0075
227146_at,325.7809,298.64447,214.7192,196.27798
227153_at,245.43109,221.12894,153.91324,134.53822
227160_s_at,509.65317,506.07477,466.20154,416.55328
227165_at,422.91898,461.21652,362.24072,334.8099
227179_at,75.71233,89.816864,156.02228,144.38223
227184_at,158.77638,148.65416,107.36996,103.42171
227215_at,277.98166,265.53394,200.22559,204.30951
227223_at,423.57,385.46576,297.43167,333.79315
227231_at,206.51353,202.18439,120.554306,105.16917
227285_at,180.10892,171.0239,46.247528,55.99663
227308_x_at,72.835175,73.566124,37.776173,42.754845
227325_at,100.94615,111.39948,78.10046,76.188484
227329_at,195.33615,178.60439,107.10966,91.57213
227415_at,203.35446,215.7433,102.88156,84.72255
227423_at,127.955925,135.03886,91.55,104.18436
227444_at,294.66763,270.56317,242.1333,239.79398
227500_at,70.02254,74.38083,65.267815,71.42698
227528_s_at,90.90673,94.69795,62.414528,69.743126
227651_at,468.64746,475.15012,397.60284,459.00687
227657_at,91.24424,95.754715,59.518215,66.60205
227686_at,427.64267,434.4517,371.0167,420.4159
227746_at,70.95323,75.70936,46.192867,44.49892
227770_at,146.95111,163.6646,103.31921,101.91332
227784_s_at,177.05412,172.88708,126.97913,115.83209
227793_at,212.57529,210.96321,140.54935,125.98832
227858_at,118.23945,124.78715,82.98682,97.80287
227890_at,126.81322,125.5172,114.412766,107.27724
227924_at,102.29751,113.69235,74.60012,67.85649
227931_at,1090.9546,1104.6759,647.4594,504.24652
227946_at,66.86923,72.73188,65.50864,63.611565
227966_s_at,75.61103,77.5163,40.21609,42.75288
227982_at,125.81022,131.13776,72.96189,61.19625
227991_x_at,183.33557,168.98257,138.01212,122.587524
227994_x_at,204.19812,189.94275,184.2648,158.68793
228001_at,125.622444,126.11205,77.80772,78.18825
228003_at,67.78904,67.94992,59.599457,56.778446
228005_at,442.64365,390.60193,241.17087,235.9161
228010_at,205.16179,198.91322,137.32472,124.84845
228051_at,462.61652,457.9558,251.5135,240.31001
228089_x_at,244.23248,239.37721,194.71167,174.72632
228248_at,258.7011,282.11276,129.13129,127.27932
228271_at,154.4718,144.90434,112.39799,96.041405
228340_at,145.66434,159.63715,116.677925,112.0961
228342_s_at,257.5131,271.8987,132.43542,125.91917
228354_at,115.64007,112.67233,53.45924,59.943005
228379_at,164.04436,157.46295,196.10464,179.22832
228392_at,164.97588,167.03912,68.22684,63.56564
228462_at,446.009,423.1877,287.95065,321.3146
228499_at,80.1262,80.207886,82.95547,75.38615
228579_at,84.932655,79.5145,56.42729,57.260033
228604_at,236.26234,236.30327,96.42101,70.3406
228630_at,187.7691,172.71887,119.29327,100.8615
228674_s_at,375.16666,394.64316,375.28745,353.18542
228680_at,326.65903,290.01468,330.4065,304.06635
228688_at,101.38689,99.22267,70.142845,67.4795
228746_s_at,402.51822,343.3346,487.50577,447.7374
228755_at,281.94592,248.81572,267.4265,262.85306
228801_at,208.02176,198.40279,164.14018,144.2883
228855_at,270.28107,277.03436,179.03963,144.45541
228861_at,133.14674,143.50735,75.32274,79.578575
228906_at,2480.9158,2359.7654,1236.6067,1079.3684
228974_at,981.4716,983.1898,471.7597,391.69177
229118_at,81.952156,82.2229,47.866047,46.81615
229126_at,125.8781,119.260315,89.51384,79.47291
229175_at,156.2915,156.60387,128.80222,107.250786
229255_x_at,85.8069,94.16829,149.08868,163.86081
229263_at,73.50728,79.22997,72.68204,69.265366
229269_x_at,283.215,250.67836,189.99794,209.42322
229280_s_at,126.146324,115.78934,106.80447,115.059685
229348_at,256.9754,243.0084,165.81183,138.1694
229393_at,212.72633,221.0278,172.72949,151.14076
229418_at,220.49435,228.32623,199.60243,184.15837
229488_at,56.366657,58.30041,32.630024,31.625032
229563_s_at,10798.886,11300.402,10720.591,11032.243
229572_at,110.792145,109.325905,95.52156,90.38116
229661_at,2968.0708,3283.5522,2666.6357,2584.9905
229794_at,167.91866,164.14165,100.10349,81.06208
229812_at,119.984276,126.76176,118.16034,101.29468
229963_at,572.8471,518.0946,278.5436,281.35703
230085_at,171.16017,174.97523,236.1333,222.60265
230118_at,77.65921,77.54945,86.749596,76.13605
230207_s_at,70.96058,76.54531,57.517883,55.251087
230259_at,171.86981,157.64569,126.05117,134.18246
230292_at,147.11552,141.95728,100.33414,99.867836
230314_at,75.18176,69.738075,44.45773,44.22314
230339_at,105.66113,114.83121,124.98474,109.75316
230427_s_at,127.14195,124.41753,123.674286,115.63682
230556_at,269.01605,292.91122,292.2274,272.84323
230628_at,77.74949,72.199326,44.10495,44.945423
230687_at,141.69196,133.39874,75.30299,71.76627
230698_at,75.48019,83.1825,50.00634,50.83739
231015_at,214.01854,238.20093,109.02424,103.79267
231061_at,8315.066,9304.341,9536.039,8782.142
231071_at,54.83426,53.1013,47.259888,45.661354
231119_at,64.581505,67.79426,109.46359,104.82976
231341_at,99.309,105.79238,23.237509,21.875439
231493_at,56.486465,54.365097,66.71295,70.10801
231715_s_at,438.47043,391.6237,411.32187,366.5902
231720_s_at,98.470146,94.21819,124.98998,140.77126
231723_at,129.0998,119.72928,113.251076,129.37758
231736_x_at,5435.7563,5150.9526,4413.8896,4031.2317
231770_x_at,153.0498,135.40724,109.17446,105.77707
231949_at,45.40422,45.241493,41.034504,42.056103
231953_at,794.47797,775.5743,311.98456,407.18762
231973_s_at,494.34525,478.05582,255.28687,196.46523
232095_at,169.26468,165.06238,85.987526,71.67129
232172_at,205.74136,199.08963,91.410706,82.84896
232191_at,103.6029,111.12496,33.688858,34.412056
232202_at,118.120514,112.839966,146.45508,132.65955
232215_x_at,1958.2114,1857.9269,787.8314,983.4264
232221_x_at,146.70163,157.19183,106.81594,123.58799
232269_x_at,149.14261,146.89188,82.68969,72.99508
232296_s_at,115.87402,122.9754,166.22209,179.99663
232341_x_at,113.4649,120.72429,65.44378,57.072163
232351_at,78.96303,76.53481,48.080433,46.278202
232359_at,96.42959,102.80661,77.14997,75.91036
232447_at,71.22349,73.56715,59.795406,62.769924
232752_at,62.569378,67.44191,98.62395,93.094444
232859_s_at,151.23225,151.37793,164.37863,156.47458
232985_s_at,6683.0513,6653.9663,5588.6094,4860.5293
233049_x_at,997.3546,992.23193,868.025,733.8054
233177_s_at,77.80609,68.736275,73.090515,75.6427
233274_at,109.55897,99.82183,65.75789,62.739933
233359_at,94.791145,91.55802,41.65046,35.716522
233563_s_at,195.60854,212.53166,148.55878,129.8661
233775_x_at,285.56924,259.7419,120.04207,104.20788
234001_s_at,125.34564,121.409744,91.1445,76.47686
234307_s_at,220.72156,231.11545,217.26958,240.28333
234317_s_at,140.71529,144.3121,215.58078,204.88275
234341_x_at,404.9562,396.22147,306.62207,344.7029
234605_at,123.38905,120.43041,43.783253,37.872776
234807_x_at,182.7926,186.79543,173.73044,202.27649
234936_s_at,146.38733,141.99031,131.20287,124.58455
234944_s_at,178.95113,165.0889,136.65128,132.87509
234994_at,611.356,648.1861,563.884,478.77658
235005_at,424.26218,448.36618,351.799,324.30328
235026_at,95.95676,98.65649,45.63747,46.270233
235071_at,523.4667,548.1601,434.65765,409.5621
235199_at,760.76807,746.5801,480.96786,406.281
235214_at,89.91812,88.12295,78.42439,78.832924
235231_at,76.72505,70.89575,83.55585,88.72801
235252_at,601.89734,535.7263,428.7639,405.10693
235269_at,146.87018,130.19312,121.795906,128.81006
235298_at,58.72095,56.669163,51.012474,50.955482
235333_at,1279.4636,1347.5632,900.60144,730.9964
235363_at,883.31146,942.4822,802.3646,675.2186
235424_at,76.814514,70.96836,79.720024,78.61117
235433_at,179.74016,176.98193,88.37966,84.457
235677_at,59.692783,56.536186,51.755634,47.575546
235764_at,231.95755,208.13104,130.7778,115.05957
235779_at,88.65754,97.81988,59.120995,55.571075
235846_at,376.36417,383.96582,238.93834,228.7658
235893_at,58.488087,54.27174,53.070366,55.6094
235923_at,68.29723,74.68807,65.13207,60.288155
235984_at,166.06674,156.89886,96.97306,102.58626
236004_at,88.15411,89.17088,100.929634,100.68624
236030_at,218.83762,209.17812,151.63963,145.50117
236240_at,234.77802,224.3917,164.13976,156.81758
236283_x_at,267.96252,277.26263,239.91716,227.2862
236465_at,162.45312,174.9703,101.10586,87.27294
236578_at,161.27258,151.69266,70.85881,75.222824
236609_at,58.348103,66.10892,68.97833,65.26615
236649_at,137.46986,154.9348,142.1484,126.97683
236913_at,55.962532,51.391705,49.45525,47.17839
237193_s_at,1768.074,1632.7456,711.13324,847.3887
237299_at,81.70968,82.50372,123.97157,110.87893
237652_at,46.2993,45.60891,40.522987,39.46544
237681_at,96.34469,100.49192,56.677406,51.24214
238066_at,200.90381,192.98741,67.85916,77.17035
238123_at,88.46292,99.65911,79.58234,74.30652
238148_s_at,72.69256,75.59631,64.800964,70.78353
238205_at,131.26343,127.92662,131.20422,122.588615
238478_at,149.23003,134.59216,142.80959,132.11531
238573_at,86.09784,93.21277,71.269684,66.09146
238574_at,68.71594,70.84708,59.781437,65.27405
238650_x_at,270.93417,289.27237,187.45888,202.72011
238716_at,174.5385,192.9869,114.05729,114.753845
238722_x_at,92.6459,90.69032,73.96326,73.27429
238843_at,125.87352,128.5097,122.13529,102.933876
238952_x_at,145.30582,145.86385,131.97438,123.34775
239053_at,173.76483,153.70528,151.85861,147.65996
239148_at,317.56064,317.48004,274.85513,235.04091
239197_s_at,95.42623,104.08217,70.85893,64.816475
239411_at,88.01004,83.93705,36.23091,42.811844
239462_at,81.66502,79.0469,39.653526,37.227688
239484_at,144.29083,132.72696,68.83535,78.47615
239709_at,109.0313,121.55417,67.6965,71.76544
239781_at,315.76923,322.17767,183.46184,190.03368
240079_at,108.04692,96.992775,56.96708,54.72076
240084_at,83.88873,80.70393,49.648342,53.258472
240727_s_at,73.812164,75.73506,52.494717,51.479374
241285_at,59.333393,57.293747,36.420815,40.025455
241303_x_at,140.82397,144.61377,120.956024,130.36472
241373_at,106.28494,99.96334,77.11877,88.773834
241489_at,82.84234,82.90624,60.709465,52.708736
241748_x_at,75.93671,79.8618,62.26204,65.605705
241779_at,102.48154,99.99298,62.134354,59.09714
242073_at,184.88535,158.65332,158.85077,169.28186
242086_at,132.68994,128.97453,65.23693,58.13124
242143_at,124.48169,133.20177,79.10939,70.260506
242282_at,76.77472,81.46127,76.036415,76.85566
242294_at,92.51493,100.0894,55.726513,61.20673
242352_at,272.0717,266.25458,272.99713,235.99402
242414_at,1000.25903,973.76843,708.18164,604.3101
242515_x_at,238.99277,237.90524,250.90042,254.5805
242748_at,128.08273,146.35022,118.29273,117.06285
242780_at,66.73836,66.08187,38.394974,37.85962
242825_at,58.872707,60.54597,45.396255,47.085407
242853_at,99.86863,94.497665,52.566563,56.474403
242961_x_at,230.34264,255.29463,191.37694,167.86073
243_g_at,1125.3887,1149.1932,1261.9077,1075.1392
243007_at,93.24731,97.13939,100.52228,87.399956
243051_at,129.46686,118.46218,71.123505,69.81125
243395_at,91.537056,96.24506,41.398052,42.751663
243618_s_at,946.6024,927.92926,717.4357,734.972
243643_x_at,208.02602,183.05016,144.14136,131.89084
243699_at,57.33383,56.640175,41.097973,40.398605
243895_x_at,62.29357,60.45101,37.512302,35.04569
244110_at,98.81303,110.26099,80.56481,74.31524
244264_at,338.216,355.91608,220.9557,228.7562
244695_at,98.97894,94.81048,57.35692,60.42159
31861_at,190.18599,177.28362,152.53943,150.82288
32069_at,718.5302,716.85266,672.45874,642.29663
32502_at,117.20455,134.19182,145.92546,134.461
33646_g_at,74.0565,75.0665,55.440655,59.448383
33768_at,128.75429,128.21005,104.72957,96.56367
33814_at,133.75879,135.38057,116.78275,116.01735
37586_at,88.212204,96.6911,85.55936,77.17553
37831_at,199.11273,183.46196,143.27959,121.12905
38703_at,677.1281,667.3653,408.21716,371.4211
39582_at,84.41329,89.32383,80.79443,83.885216
39650_s_at,157.4844,152.91338,125.44665,113.2996
40189_at,8443.72,8845.596,7544.2993,6473.862
41220_at,3008.888,3184.911,3133.1467,3040.2896
44563_at,414.24207,474.47498,397.75952,367.3626
44654_at,799.15845,768.8119,745.91956,654.5431
45572_s_at,908.7446,873.83514,612.7085,533.5144
46270_at,294.44604,263.68735,243.96245,216.80138
48580_at,416.1091,489.99835,457.80872,462.7835
48612_at,327.01917,308.39462,277.39758,300.32367
48659_at,626.0005,557.1218,390.23288,380.90314
51200_at,848.72516,871.9253,707.65564,586.6436
52005_at,214.70139,222.3569,178.5086,177.10991
52940_at,462.8028,405.36035,290.44656,317.8013
53720_at,239.29675,242.56906,152.08832,154.67468
53987_at,110.26809,106.26643,112.45707,119.39129
55093_at,110.17753,125.14694,94.51197,95.17676
55705_at,736.87555,712.59674,507.09982,544.4096
56256_at,433.73804,445.7143,383.85214,389.87885
564_at,350.09854,376.30768,329.10928,315.2151
56829_at,163.28763,167.91849,155.99934,183.89975
57532_at,420.9259,400.5466,311.53406,284.53323
58308_at,50.438423,51.95618,40.10853,41.502228
58367_s_at,331.69894,340.94788,269.4156,230.36044
64440_at,130.42712,120.7458,111.69819,126.17972
65517_at,314.79407,295.93256,171.09468,201.14339
65635_at,252.84686,262.02036,175.94754,210.68643
65770_at,408.0561,449.77533,325.36276,282.33273
